{"words": 3269.9545454545455, "paragraph": 58.018181818181816, "reference_counter": 11.981818181818182, "authors_pro": 0.9313547272727265, "first_author_pro": 0.9256189090909107, "author_institutions_pro": 1.0964177272727265, "journal_pro": 1.8088110909090924, "fund_project_pro": 15.648719545454547, "references_source_pro": 3.824733636363638, "out_of_date_pro": 2.8916709090909096, "most_similar": 48.733285475860946, "sims_pro": 40.87515473365784}